orgName,planName,closed,applyTarget,planSubject,planResType,planLink,resourceCount,resourceNames,resourceLinks,uid,planContent
衛生福利部,長照社區共生互助計畫補助作業要點,False,"local-government,","public-construction,","environment-construction,",https://drive.google.com/file/d/1rG_0s_ycE1SX_snn8NXLXyR38UyMwrNm/view,0,,,8ce27281-8596-419a-8891-85a6a7b3053e,透過串連社區長照機構與長照家庭，創造在地機構與居民互相照顧、互助生活之價值，並提升家庭照顧者個人自我價值，培育社區內長期照顧服務潛在人力，規劃於長照服務資源不足地區推動長照社區共生互助服務機制，輔導長照家庭之照顧者，能陪同使用社區服務之長輩於社區式長照機構提供勞務，強化照顧者照顧及其他知能，且期望提升長照機構培育或輔導長照家庭之照顧者取得照顧服務員認證之意願。
農業部,115 年青年回鄉行動獎勵計畫,False,"personal,","public-construction,","talent-cultivation,",https://www.ardswc.gov.tw/Home/News/news_more?id=3d399cb1373e4fccbf208304b5ee3612,0,,,91da6152-1d82-4ee0-b63f-4ddf5ea33730,為鼓勵關心農村發展的青年導入創意構想解決農村相關議題，由青年個人提出行動計畫發揮社會影響力，並尋求可行且具在地適切性的永續經營模式，創造農村三生新價值，以達青年返回農村並留下來服務農村之目標，特訂定本獎勵計畫。
交通部,地方創生觀光旅遊環境營造（觀光建設類）,False,"people-team,","travel,","environment-construction,",https://reurl.cc/9Ddq8x,0,,,ab661ece-fa6c-43d8-b13e-3af203b47d2b,補助地方政府等打造魅力景點、完善優質旅遊環境，追求觀光永續發展。
文化部,文化部暨所屬文化資產局補助地方創生計畫,False,"enterprise,local-government,people-team,","cultural-history,","environment-construction,",https://grants.moc.gov.tw/Web/PointDetail.jsp?__viewstate=humCmq428VCgRsrb7EaY6WqyVvLYYbrQ7oJCOHz4L408lIe/efs7z+WTtc3mBJBkYvZhpy/Mg9Q=,0,,,5fdada8e-1a54-4617-af31-ae39a3911a4f,針對地方政府與民間組織提出之「地方創生文化事業發展計畫」或「結合有形或無形文化資產推動地方創生有關之計畫」提供資源挹注，以協助地方建構整體文化環境，創造在地就業機會，促進地方人口回流，達成保存並活絡在地文化資源，特訂定本規範
文化部,2025年文化部第1屆百大文化基地徵選獎勵,False,"people-team,","cultural-history,","plan-restype-other,",https://communitytaiwan.moc.gov.tw/Item/Detail/%E6%96%87%E5%8C%96%E9%83%A8%E7%AC%AC%E4%B8%80%E5%B1%86%E7%99%BE%E5%A4%A7%E6%96%87%E5%8C%96%E5%9F%BA%E5%9C%B0%E5%BE%B5%E9%81%B8%E7%8D%8E%E5%8B%B5%E7%B0%A1%E7%AB%A0,0,,,0a977177-7f05-4f2c-b8e4-27aea5c3c653,為推廣社造30年來累積的成果，同時整合本（文化部前瞻及黑潮等計畫支持的再造歷史現場、地方藝文館所等資源， 故提出「百大文化基地」政策，透過公私協力及百大文化基地徵選 ，共同爬梳各地不同領域的文化歷史脈絡及特色故事，發展各類文化主題，打造全民共創、共享，具歷史脈絡及文化內涵的百大文化基地 以下簡稱基地 ）），以故事力讓臺灣「天天都是文化日、人人都是文化人」，進而強化臺灣文化主體性。
環境部,推動資源循環地方創生計畫,False,"enterprise,local-government,people-team,","industry-technology,","plan-restype-other,",https://oaout.moenv.gov.tw/law/NewsContent.aspx?id=43607,0,,,77a1ddb0-7b85-4054-a00d-a66a2efbe73d,環境部資源循環署為配合國家發展委員會「打造永續共好地方創生計畫（一百十四年至一百十七年）」，推廣地方資源循環理念，扶植具地方特色之資源循環產業、綠色設計、創新資源循環技術及商業模式，以增加地方相關就業機會，帶動人口回流，促進在地資源循環產業及地方創生之發展，特訂定本要點。
國家發展委員會,114年度補助地方創生青年培力工作站,False,"enterprise,people-team,","public-construction,","talent-cultivation,",https://www.twrr.ndc.gov.tw/InActivityInformation/6c66894a-8fd6-48e6-b6d7-c8deffb4f749,0,,,2af15cbf-62e7-4d39-b1cc-b98a55449ca1,國家發展委員會（以下簡稱本會）為營造青年留鄉、返鄉創業支援體系，陪伴輔導青年開創地方創生事業，促進地方產業發展及媒合青年團隊在地扎根，補助建置地方創生青年培力工作站所需人事費及業務費。
教育部,114年青聚點地方創生人才培育獎勵計畫,False,"enterprise,people-team,","plan-subject-other,","talent-cultivation,",https://www.yda.gov.tw/plan.aspx?p=1056,0,,,b22f425f-63a8-432a-aadf-385f0cc069f8,透過招募長期在地深耕的民間組織成為「青聚點」，運用行動場域及推動經驗，培育青年參與地方事務「從0到1」的能力與意願，鼓勵青年參與地方創生，協助了解如何參與社區，建立在地行動與地方創生的基礎觀念，並提供青年在地蹲點的機會，透過實作發展出行動方案，逐步養成青年具備後續銜接各部會地方創生行動計畫的能力，投入地方創生工作。
海洋委員會,推動海洋地方創生與產業活絡及永續經營徵件計畫,False,"enterprise,local-government,people-team,","plan-subject-other,","management-counseling,","https://www.oac.gov.tw/ch/home.jsp?id=67&parentpath=0,6&mcustomize=bulletin_view.jsp&dataserno=202409270002",0,,,87614473-5d9c-46c3-b7c1-7a259ef03b53,協助在地發掘海洋特色資源與文化發展、落實海洋永續推動生態旅遊、海域空間規劃及設施活化、既有產業加值提升以建立在地品牌、海廢資源循環再利用、創造地方就業機會吸引青年返鄉。
農業部,農村社區綠色照顧計畫,False,"people-team,","public-construction,country-farming,","environment-construction,plan-restype-other,",https://www.ardswc.gov.tw/,1,農村社區綠色照顧計畫徵件說明,https://www.twrr.ndc.gov.tw/core-api/resource/repo/2024/1701830310.pdf,d8c5a0b1-7429-4ed1-90e8-dd43ee4058e7,推動農村社區綠色照顧工作，包括綠場域、綠飲食、綠療育及綠陪伴四方面，以照顧農村高齡者，促進健康老化，鼓勵導入青壯年人力，並結合其他機構形成綠色照顧服務網絡。
農業部,推動智能防災設施型農業計畫補助,False,"personal,people-team,","public-construction,country-farming,","environment-construction,management-counseling,",https://www.afa.gov.tw/cht/index.php?code=list&flag=detail&ids=3501&article_id=11167,0,,,b66d64e3-86fd-4088-8439-aeef59e39461,輔導農戶興設結構加強型溫網室設施，提升防災生產效能，生產高品質蔬果、花卉及其種苗等農產品，進以提升經營效率及穩定市場供需。
農業部,農業科技產學合作計畫,False,"people-team,apply-target-other,","country-farming,plan-subject-other,","talent-cultivation,plan-restype-other,",https://www.aiuc.org.tw/,0,,,7b1da542-daa0-449e-b254-b7baec116587,鼓勵學研機構提出具商品化發展潛力之初步成果，邀請業界出資合作研發，將具有產業需求之優良技術推向產業應用。
教育部,促進青年公共參與獎補助,False,"people-team,apply-target-other,","plan-subject-other,","talent-cultivation,",https://www.yda.gov.tw/docDetail.aspx?uid=119&pid=58&docid=237,0,,,7c1027c1-98e1-426f-903c-299851a691cb,為強化青年公共參與能力，提供多元公共參與機會，並鼓勵青年積極參與公共事務。
屏東縣政府,地方產業創新研發推動計畫（地方型 SBIR）,False,"enterprise,apply-target-other,","industry-technology,plan-subject-other,","plan-restype-other,",https://www.i-direct.com.tw/pthg-sbir,0,,,d8c03fad-87ba-46e1-968a-6dd8d570becd,屏東縣政府為鼓勵縣內中小企業加強創新研發活動，協助縣內產業經濟佈局，特依據『經濟部配合協助直轄市、縣(市)政府辦理「地方產業創新研發推動計畫」(地方型SBIR)申請作業須知』，訂定『屏東縣政府地方產業創新研發推動計畫(地方型SBIR)』，以加速提升屏東縣中小企業之產業競爭力，促進屏東縣產業發展。
屏東縣政府,社區營造及村落文化發展計畫,False,"people-team,apply-target-other,","cultural-history,public-construction,","environment-construction,",https://www.cultural.pthg.gov.tw/News_Content.aspx?n=6EA9BF953D791947&sms=51F68C03AEA9C979&s=D66C5338D7CB17D8,1,社區營造點徵選補助計畫,https://www.twrr.ndc.gov.tw/core-api/resource/repo/2024/483830584.pdf,77af1900-c1b1-473e-8ed1-b59435a4068e,為鼓勵本縣鄉鎮市公所及社區組織厚植多元文化能量，均衡城鄉資源，建立文化平權， 拓展社區創新能量，深化社區居民參與公共事務，進而達到促進文化扎根，擴大民間參與及行政分層培力的目標。
高雄市政府,地方產業創新研發推動計畫（地方型SBIR）,False,"enterprise,","industry-technology,plan-subject-other,","management-counseling,plan-restype-other,",https://96kuas.kcg.gov.tw/sbir/,0,,,dda9b5c3-5585-44d3-8608-e33fef8f8720,為培養本市中小企業創新研發能力與競爭力，鼓勵創新創業及中小企業在地紮根，依據訂定高雄市政府「地方產業創新研發推動計畫」（地方型SBIR），以加速提升高雄市中小企業競爭力，培育創新創業，增加投資高雄、創造就業機會、拉近產業距離以及縮短產業差距的機會。
澎湖縣政府,澎湖縣地方產業創新研發推動計畫（地方型 SBIR）,False,"enterprise,","industry-technology,plan-subject-other,","plan-restype-other,",https://www.penghu.gov.tw/economic/home.jsp?id=160,0,,,c4eb357b-9cf8-4b52-9709-d99b7656dd37,澎湖縣政府為協助本縣轄內小型企業經營佈局，並帶動小型企業創新研發活動，促進未來經濟。
高雄市政府,青年局青年創業補助實施計畫,False,"enterprise,","industry-technology,plan-subject-other,","financing-grant,",https://reurl.cc/37VbZ0,0,,,bad8ab5d-baa8-406d-a2c6-332fe2d44e65,為協助青年創業，高雄市政府青年局今(113)年持續辦理青年創業補助，因應不同發展階段及營業規模青創需求，今年「一般型補助」最高補助8萬元，受理期間為4月1日至4月12日；另新增「競爭型補助」，最高補助50萬元，受理期間為4月22日至5月31日。並為讓創業青年更加了解經營知識，今年也特別要求負責人需在申請前參加10或20小時創業輔導課程講座，歡迎符合資格並有資金需求的青創事業提出申請。
高雄市政府,「創意圓夢‧ 公益行動」計畫,False,"personal,apply-target-other,","plan-subject-other,","financing-grant,talent-cultivation,plan-restype-other,",https://play.kcg.gov.tw/News_Content.aspx?n=B5B880573E91A797&sms=2AB46CF525213852&s=2ADEBBDB9BAFACE2,0,,,ec1a34af-f2c7-491d-922e-1f341d2bc832,為鼓勵青少年發揮創意，結合公益關注社會，並以具體行動實踐夢想，透過回饋社會的行動讓青少年能量與社會接軌，同時創造青少年的自我價值，高雄市政府社會局鼓勵青少年以高雄在地議題或在地社區之需求為出發點，發揮自身所學及專長，規劃於高雄當地執行之公益行動方案，經提案審核通過者將可獲得經費補助。
高雄市政府,青創事業參展補助,False,"enterprise,","industry-technology,plan-subject-other,","financing-grant,",https://youth.kcg.gov.tw/Resource_Content.aspx?n=38&s=9721&sms=10161,0,,,a34bdc6b-4ecc-4d32-b05a-a0bc9845fcd5,為協助本市青創事業拓銷市場及提升行銷知名度，鼓勵青創事業積極參加展覽。
高雄市政府,社區營造點主題徵選計畫,False,"personal,people-team,apply-target-other,","cultural-history,plan-subject-other,","plan-restype-other,",https://khcc.kcg.gov.tw/rwd_home01.aspx?ID=13,1,高雄市政府文化局113年度社區營造點主題徵選計畫,https://www.twrr.ndc.gov.tw/core-api/resource/repo/2024/269873880.pdf,0269f974-0d0f-4bdb-8ee1-5eb4a787a719,為增進本市地方公民文化素養、形塑優質城市文化經濟，並落實文化平權，高雄市社區營造計畫之推動，立於堅實基礎，持續凝聚由下而上能量，與時俱進提出創新思維，展望未來共好社會。
高雄市政府,社區營造實施計畫,False,"people-team,","public-construction,","environment-construction,",https://urban-web.kcg.gov.tw/KDA/web_page/KDAN010100.jsp,1,113年度高雄市社區營造實施計畫_修正版20231228145029-7,https://www.twrr.ndc.gov.tw/core-api/resource/repo/2024/400461848.pdf,36f06080-0e8a-4505-8240-8b9461a827df,以多元輔助方案，提供社區申請新增社造點及維護管理等 2 大補助類型，導入淨零排放理念，並將溫室氣體減量相關措施納入提案評選之評分項目。協助社區改善生活環境品質，提升社區活力及引導社區自力植樹綠化，進行減碳綠化行動，展現在地特色，建構低碳永續家園。
臺南市政府,青年創業及中小企業信用保證專案貸款,False,"personal,enterprise,","industry-technology,country-farming,travel,technology-apply,plan-subject-other,","financing-grant,",https://economic.tainan.gov.tw/News_Content.aspx?n=5114&s=14169,0,,,0fa13dd1-8f04-4fa1-ac27-6d1fccc945b5,臺南市政府協助青年及中小企業創業，提供青年創業及中小企業信用保證專案貸款，設籍臺南市政府滿20-65 歲、符合中小企業認定標準者，提供最高500 萬貸款專案。
臺南市政府,臺南市地方產業創新研發推動計畫（地方型SBIR）,False,"enterprise,","cultural-history,industry-technology,country-farming,travel,technology-apply,plan-subject-other,","plan-restype-other,",https://www.tainan-sbir.org.tw/index.aspx,0,,,09edda14-81f2-452e-8006-6af6a6e504a5,為鼓勵中小企業創新研發，加速地方產業轉型，逐年編列預算、 爭取中央政府補助經費，辦理『臺南市地方產業創新研發推動計畫 （地方型SBIR）』。個別申請每案最高補助金額100 萬元、共同研發案最高補助金額200萬元、主題式聯盟最高補助金額500 萬元。
臺南市政府,經濟發展局推動商圈商業發展補助計畫,False,"people-team,","cultural-history,industry-technology,country-farming,travel,technology-apply,plan-subject-other,","plan-restype-other,",https://economic.tainan.gov.tw/News_Content.aspx?n=34548&s=7900219,0,,,32627e60-8e65-4969-8225-d9ec31845736,為協助本市民間團體推動地區商圈發展，提升商業及民生服務機能，進而活絡地方經濟、促使商圈店家永續經營，使有限資源發揮最大效益，爰辦理本補助計畫。
臺南市政府,臺南市個人社造參與獎勵計畫,False,"personal,","cultural-history,industry-technology,country-farming,travel,technology-apply,plan-subject-other,","plan-restype-other,",https://community-culture.tainan.gov.tw/news/index-1.php?m2=15&id=1286,0,,,d14afa16-efe4-4823-bb53-554700b77cbe,為鼓勵關注地方發展議題，具熱忱、專業且有意願投入社區營造之個人，以創新思維投入在地願景實踐，針對在地需求設計實驗性方案，連結多元議題、促進社群能量進入地方，激盪世代互動共好，特辦理本計畫徵選。
臺南市政府,社區營造計畫,False,"people-team,apply-target-other,","public-construction,","environment-construction,plan-restype-other,",https://community-culture.tainan.gov.tw/form/index-1.php?m2=27&id=88,0,,,5c83eca0-dd64-40e2-8b87-ca5a1f1ca63a,依據文化部補助直轄市及縣市政府推動社造三期及村落文化發展計畫作業要點辦理，以推動拓展社區創新能量、深化公民參與公共事務，落實文化平權、營造協力共好社會。
嘉義市政府,青年創業及中小企業貸款利息補貼計畫,False,"enterprise,","industry-technology,country-farming,travel,technology-apply,plan-subject-other,","financing-grant,",https://economic.chiayi.gov.tw/News_Content.aspx?n=23&sms=9003&s=420382,0,,,b913382c-58f5-4a79-9a05-94a9f66f9474,為鼓勵本市青年及中小企業勇於創業及擴大經營績效，減輕創業初期貸款利息支出，並促進本市工商發展繁榮經濟，以增加就業機會。
嘉義市政府,嘉義市青年創業獎勵補助計畫,False,"personal,enterprise,","industry-technology,travel,","financing-grant,plan-restype-other,",https://economic.chiayi.gov.tw/News_Content.aspx?n=23&sms=9003&s=806019,0,,,bb9173b5-9931-49f6-b4e4-c2c5768d0d70,嘉義市政府為支持青年新創事業發展，輔導具發展潛力之新創事業，協助青年確立市場定位、建立成功商業模式及穩定營運發展，以發展地方特色產業為範疇，進而促進發展嘉義市特色街區及經濟發展。
嘉義市政府,嘉義市地方產業創新研發推動計畫(地方型SBIR),False,"enterprise,","cultural-history,industry-technology,country-farming,travel,technology-apply,plan-subject-other,","plan-restype-other,",https://economic.chiayi.gov.tw/News.aspx?n=23&sms=9003,0,,,8e52814a-b3e5-4745-acda-328100c1ec24,為帶動中小企業創新研發活動，協助嘉義市中小企業知識布局以形成推波助瀾的效果，並期望運用研發成果扶植產業體系，促進嘉義市經濟。
數位發展部,普及智慧城鄉生活應用計畫,False,"enterprise,","public-construction,industry-technology,","environment-construction,management-counseling,",https://www.twsmartcity.org.tw/,0,,,252edf10-4016-4646-9af3-f5f500e69eec,配合行政院相關數位政策推動策略，推動跨部會、跨區域、跨領域合作發展數位創新應用，以完備發展智慧治理之基礎建設環境，加速城鄉智慧創新應用普及，並協助地方掌握城市即時資訊、深化數位治理能量，輔導民間產業加速升級轉型、提升營運管理效益，改善民眾智慧生活便利體驗，創造民眾有感之智慧服務。
國家通訊傳播委員會,基礎寬頻- 普及偏鄉寬頻接取基礎建設計畫,False,"enterprise,apply-target-other,","public-construction,","environment-construction,",https://moda.gov.tw/digital-affairs/communications-cyber-resilience/programs/6521,1,強化偏鄉地區 5G 寬頻服務與涵蓋－普及偏鄉寬頻接取環境計畫,https://www.twrr.ndc.gov.tw/core-api/resource/repo/2024/986133469.pdf,9ff4fea9-8420-4b50-9623-d83c6cfb0e8f,為普及偏鄉電信網路，強化接取網路的韌性，數位發展部藉由行政院核定之前瞻計畫，補助電信事業於偏鄉建置固定寬頻網路，讓民眾能享有便利的固定寬頻網路上網服務，改善偏鄉電信網路的普及。
原住民族委員會,平埔族群聚落活力計畫,False,"people-team,","cultural-history,public-construction,plan-subject-other,","talent-cultivation,environment-construction,",https://www.pthg.gov.tw/planIBP/News_Content.aspx?n=C81DA793E5A10118&s=2A7B73D243E117EF,0,,,ede3eee1-cd96-444c-ae0b-0331983a4022,一、建構平埔族群文化之復振、傳承及推廣之環境。  二、培力平埔族群文史與聚落營造人才，推動聚落營造工作。
原住民族委員會,文化健康綜合服務據點友善空間整建計畫,False,"local-government,","public-construction,","management-counseling,",https://www.cip.gov.tw/zh-tw/news/data-list/9A8362871EA0BBFF/28CAB1D3D2DCE7365215A8F293419C45-info.html,0,,,4ff03a87-aea5-426d-b03e-6c941ad3eb1a,一. 整建文化健康站提供部落長者無障礙友善空間，並運用部落在地人力及融合原住民族部落文化及景觀設施特色。 二. 提升文化健康站為綜合服務據點，包括簡易醫療、老人照顧、日間送餐、課後輔導等綜合性功能，營造友善服務環境。
原住民族委員會,原住民族企業創新創業輔導計畫,False,"personal,apply-target-other,","industry-technology,plan-subject-other,","financing-grant,management-counseling,",https://startup.cip.gov.tw/,0,,,8492b8cd-e91e-43bf-b55f-7b42ebc1aa6e,運用「企業創新轉型升級」、「量身診斷市場銜接」及「人才交易共創共好」等優化措施，辦理「創業先導計畫」、「百萬創業計畫」、「輔導創新研發」、「企業診斷服務」、「原住民族企業領袖班」等多元計畫，持續培育原住民族產業所需人才，進而創新創業，並輔以數位轉型提高經營效率，逐步推展原住民族亮點產業，進而推升原住民族產業發展動能。
原住民族委員會,推展原住民族經濟產業補助,False,"local-government,people-team,apply-target-other,","public-construction,travel,","environment-construction,management-counseling,",https://www.cip.gov.tw/zh-tw/news/data-list/9A8362871EA0BBFF/7AADFDAD93E0BBD376694672144C6E6C-info.html,0,,,f293a10c-06d9-4f88-8289-2adc28ba3dab,為推展原住民族經濟產業
原住民族委員會,文化健康綜合服務據點友善空間整建計畫,False,"local-government,apply-target-other,","public-construction,","environment-construction,",https://www.cip.gov.tw/zh-tw/news/data-list/9A8362871EA0BBFF/28CAB1D3D2DCE7365215A8F293419C45-info.html,0,,,78ef9a91-68c1-4b44-ae35-9f66f1e614ab,一. 整建文化健康站提供部落長者無障礙友善空間，並運用部落在地人力及融合原住民族部落文化及景觀設施特色。 二. 提升文化健康站為綜合服務據點，包括簡易醫療、老人照顧、日間送餐、課後輔導等綜合性功能，營造友善服務環境。
原住民族委員會,原住民族部落特色道路改善計畫,False,"local-government,","public-construction,","environment-construction,",https://www.cip.gov.tw/zh-tw/news/data-list/B291A6BD43F2B4A5/index.html?cumid=B291A6BD43F2B4A5,0,,,6377938a-3bb5-4f58-a767-4981b1a0ec6d,本計畫所稱「特色道路」係指原住民族部落聯外或銜接特色人文、產業，具交通連結及醫療救護功能之道路或橋梁。
農業部,社區林業計畫,False,"people-team,apply-target-other,","industry-technology,plan-subject-other,","talent-cultivation,environment-construction,",https://communityforestry.forest.gov.tw/,0,,,9adcb7cf-f65f-4149-8011-11f7e58f1898,森林是一項重要的自然及社會資源，由於本局各項林業施政如生物多樣性保育、森林生態旅遊、國家步道系統、平地景觀造林及綠美化、水土保育、林產品的研發生產等工作，皆與社區的自然生態、文化傳承、生活環境、產業發展及森林資源利用關係密切。在第一階段計畫裡，嘗試將社區營造與本局各項林業施政結合，建立社區參與林業經營的管道，並為社區進行各項培力( empowerment )工作，包括：林業知識與生態保育觀念的加強、社區人才培訓、林業經營觀念與技能的養成、文化技藝的傳承等等。
農業部,輔導國產農產品創新行銷計畫,False,"local-government,people-team,","country-farming,","plan-restype-other,",https://www.afa.gov.tw/cht/index.php?code=list&ids=353&mod_code=view&a_id=400,1,輔導國產農產品創新行銷計畫審查作業規範,https://www.twrr.ndc.gov.tw/core-api/resource/repo/2024/152421197.pdf,4feae273-65e4-4fe4-83d5-0be73e113df9,為推動地產地消及多元行銷，運用多樣化行銷策略，推廣新鮮、安全、優質之當季特色農產品，以有效創造商機，提高國產農產品消費，增進農民福祉，。
農業部,輔導設置農村社區農產品銷售據點計畫,False,"local-government,people-team,","public-construction,country-farming,","environment-construction,management-counseling,",https://www.afa.gov.tw/cht/index.php,1,農村產業跨域計畫及農村區域亮點計畫主軸及發展區域_113年度,https://www.twrr.ndc.gov.tw/core-api/resource/repo/2024/711083526.pdf,0c05e7df-18a7-452c-bd71-e8d506911980,輔導類型分為「農村社區小舖」、「農民市集」及「農民直銷站」三種模式，以新鮮、安全、安心及多樣化為訴求，由農民以當日或當季自產之生鮮農產品或初級加工品，自行訂價並擔負產品安全責任，透過面對面互動，將安心直接傳送給消費者，並讓農民親身感受農產品市場的銷售資訊。
農業部,農村產業跨域計畫及農村區域亮點計畫,False,"people-team,apply-target-other,","cultural-history,public-construction,country-farming,travel,plan-subject-other,","financing-grant,",https://www.ardswc.gov.tw/Home/News/proclamation_more?id=83e0142b39f64ba39d0a1340286cf944,1,農村產業跨域計畫及農村區域亮點計畫主軸及發展區域_113年度,https://www.twrr.ndc.gov.tw/core-api/resource/repo/2024/265424368.pdf,f4faf96c-a0e1-42f2-9af1-519e2b6b7f4c,分為產業規劃設計類、產業行銷推廣類、環境條件改善類、文化保存及活用類、生態保育類五大項
農業部,大專生洄游農村競賽,False,"apply-target-other,","country-farming,","plan-restype-other,",https://ruralup.ardswc.gov.tw/programs/9c633517-d9c0-47d9-8796-f8385b78ba13,0,,,d8ea91c8-2ef2-4f73-818e-65e1427868ec,為鼓勵年輕學子以自身創意或所學專長，學習與農村社區居民互動共識，參與或協助農村社區公共事務，並在社區推動農村再生的過程中提供協助，藉此瞭解農村、農民及農業等，引導更多年輕人以全新思維及技術，創造永續農村
農業部,大專院校農村實踐共創計畫,False,"apply-target-other,","country-farming,plan-subject-other,","talent-cultivation,",https://ruralup.ardswc.gov.tw/programs/957cad8d-105c-459e-a552-a0420edda736,0,,,36f15d46-138f-4d5e-bc94-66c91a1bb2b1,為鼓勵各大專院校透過創新課程，以全國公私立大學校院為計畫補助對象，由教師擔任計畫主持人，將專業知識融入實踐操作，帶領青年學子進入農村場域以跨域共創輔導手段，協助解決農業及農村等在地議題、累積青年學子實作體驗與服務經驗、青年觀點投入在地議題為農村導入新想法與創意，期望達到青年實踐、教育創新及農村共好之目的。
農業部,農村社區企業經營輔導,False,"enterprise,","country-farming,","management-counseling,",https://www.twrr.ndc.gov.tw/res/repo/2021/355246731.pdf,0,,,a8d4a3fa-e56a-4a45-b8e5-63c7dba0da6d,為促進農村永續發展及農村活化再生，輔導、鼓勵農村社區產業朝向企業化經營，扶植農村社區企業，提升農村社區產業競爭力、促進產業加值創新。
農業部,青年回留農村創新計畫,False,"people-team,","country-farming,plan-subject-other,","talent-cultivation,",https://ruralup.ardswc.gov.tw/programs/24e9cb3a-c228-427d-b370-c59a2b53af93,0,,,4043b83d-3cef-46de-b66b-517ca2784db5,針對農民團體、財團法人、依法立案之社區發展協會或社會團體跨域合作所設定 之經營目標，鼓勵導入青年人力，協助建立經營模式及規劃執行方案，提出未來 創新推動重點及發展策略，以符合農村或農業社會實際需求面向，並創造農村三 生新價值及特色亮點等區域發展。
農業部,青年回鄉行動獎勵計畫,False,"personal,apply-target-other,","country-farming,plan-subject-other,","talent-cultivation,plan-restype-other,",https://ruralup.ardswc.gov.tw/programs/b4cc563a-0665-463c-a346-409af701329d,0,,,00c964dd-c775-498c-831b-f33806c5d257,為鼓勵青年學子或回鄉青年依所發掘之農村相關問題導入創意構想，由青年個人、青年組成團隊由一位青年代表提出行動計畫，發揮社會影響力，創造農村三生新價值，以達青年返回農村並留下來服務農村之目標。
農業部,業界科專計畫,False,"enterprise,people-team,","country-farming,plan-subject-other,","financing-grant,plan-restype-other,",https://agtech.moa.gov.tw/Field/page,0,,,2339179b-49d2-4518-9857-3ac7cd5dfafd,為鼓勵企業主動投入經費於自行研發，或將已有初步研發成果之技術與產品商品化，以加速農業科技之產業化及提升農業產業競爭力，農業部推動「農業業界科專計畫」，提供農產品創作事項以外之農業創新或研究發展相關活動補助。
農業部,補助直轄市及縣（市）政府推動社區農村再生計畫,False,"local-government,","cultural-history,public-construction,industry-technology,country-farming,","financing-grant,environment-construction,",https://www.ardswc.gov.tw/Home/News/proclamation_more?id=a550e33bc02f4e6ebf1dbe1c6cc11e77,0,,,c1c3a43d-3c24-49c1-894f-882c72c162b6,計畫補助分為四類型：一. 產業活化類、二. 文化保存與活用類、三. 生態保育類、四. 農村社區整體環境改善及公共設施建設類
衛生福利部,整建長照衛福據點整備計畫,False,"local-government,","public-construction,","environment-construction,",https://www.mohw.gov.tw/cp-3874-75310-1.html,0,,,15ee5e4e-9f23-4a7d-9fa8-19df0d1e3e60,"為落實普及社區長照服務，透過推動長照 2.0 推動社區整體照顧服務體系，於 109 年底至少布建 3,827 處 ABC 服務據點，並於原偏鄉、離島地區因地制宜布建照顧管理中心照管分站，讓在地有長照服務需求家庭，可就近獲得服務，提升長照服務之近便性。"
勞動部,多元就業開發方案,False,"personal,people-team,","plan-subject-other,","financing-grant,",https://www.wda.gov.tw/cp.aspx?n=C87DBAD8E7B8A8E3,0,,,ca65e13d-d0f4-47ee-9c5e-d79a5704f551,建構民間團體與政府部門間促進就業之合作夥伴關係，透過促進地方發展，提升社會福祉之計畫，創造失業者在地就業機會。
經濟部,在地青年創育坊補助計畫,False,"enterprise,people-team,","plan-subject-other,","management-counseling,",https://incubator.sme.gov.tw/related-activities/incubator.html,0,,,1638c087-cc0b-466c-99ad-cd88a10d4af1,經濟部中小及新創企業署「在地青年創育坊補助計畫」係為建立支持在地青年創育輔導體系，直接串連在地青創社群，將資源落實於在地青年發展需求，以青年培力來發展在地，增加青年返（留）鄉創業助力，讓青年創業在地扎根，帶動地方創新及發展契機。
經濟部,推動中小企業城鄉創生轉型輔導計畫（SBTR）,False,"enterprise,","industry-technology,country-farming,travel,plan-subject-other,","financing-grant,plan-restype-other,",https://sbtr.org.tw/frontend/index.aspx,0,,,1deb9d5a-7ceb-40cb-91c5-7824d1401af4,行政院將2019年訂為「臺灣地方創生元年」，為落實地方創生，鼓勵國內中小企業以經濟力、特色力、整合力等三大概念發展城鄉事業，透過改造活化創生場域、塑造在地文化、發展特色產業、創新商業模式，健全企業體質，發揮在地示範性與影響力，加速地方產業轉型、提升產業競爭力，促進地方經濟發展及創造在地就業機會，帶動人口回流及區域均衡發展，達成城鄉創生之目標。
經濟部,工業局協助傳統產業技術開發計畫,False,"enterprise,","industry-technology,plan-subject-other,","financing-grant,plan-restype-other,",https://citd.cpc.tw/CITDWeb/Web/Index.aspx,0,,,0eeeabe2-479c-45aa-b9c2-6605fa625699,我國傳統產業昔日核心競爭優勢，大量生產之代工模式及生產後之運籌能力，因中國大陸、東歐等新興國家投入國際市場，挾其勞資低廉和高成長之內需市場等因素而逐漸式微。為解決傳統產業所面臨之困境，經濟部於99年11月15日依產業創新條例第九條第二項訂定「經濟部協助產業創新活動補助及輔導辦法」，據以推動「協助傳統產業技術開發計畫」，期透過提供傳統產業研發補助資金，鼓勵業者自主研發，以厚植我國傳統產業之創新研發能力、加速升級轉型及提升競爭力。
教育部,青年壯遊臺灣- 尋找感動地圖實踐計畫,False,"apply-target-other,","cultural-history,travel,","talent-cultivation,plan-restype-other,",https://youthtravel.tw/doc.php?uid=74&puid=53,0,,,3b8219fb-ce6c-4826-a8da-daf764c1e458,「青年壯遊臺灣-尋找感動地圖實踐計畫」，鼓勵青年以壯遊體驗多元方式，與臺灣各地人文社會深入互動交流， 認識瞭解臺灣不同面向，並從壯遊過程中探索自我，培養多元能力。青年可藉由議題探研、達人見習、環島探索等多元方式認識鄉土、行遍臺灣，形塑青年壯遊新文化，捲動青年壯遊臺灣風潮。經獲選者可獲部分經費補助，鼓勵青年完成壯遊臺灣夢想。
教育部,營造休閒運動環境計畫,False,"local-government,","public-construction,","environment-construction,",https://www.sa.gov.tw/PageContent?n=2414,0,,,461da3cc-31cd-4179-865d-467f8731fa2a,體育署以「營造優質休閒運動環境」作為本計畫發展願景，並以「營造優質友善運動場館設施」、「營造友善自行車道」及「改善水域運動環境」作為計畫目標，齊備我國競技、訓練、休閒運動設施網絡拼圖。
文化部,再造歷史現場專案計畫,False,"local-government,","public-construction,","environment-construction,",https://grants.moc.gov.tw/Web/PointDetail.jsp?__viewstate=pvWqz/p/ntZfCgFmlc8efQn9PKt77jmtD2XVBm8U15K5ohv92GcQb3JZcscjkMix7n5bknQ4C1jvfwxUC1ZSeBfK7nUo4Ss4,0,,,f381fd19-baf1-4797-9214-712891d3e1a2,檢視區域範圍內整體資源，提出清楚、明確之發展願景、藍圖與行動方案，並建 構跨局室整合、跨領域合作等協力模式，落實文化資產區域環境整合保存與活化。
文化部,原住民村落文化發展計畫,False,"people-team,apply-target-other,","cultural-history,industry-technology,plan-subject-other,","talent-cultivation,plan-restype-other,",https://grants.moc.gov.tw/Web/PointDetail.jsp?__viewstate=pvWqz/p/ntZODqwaQM9MXgn9PKt77jmteO5h9T0u+rXu/4+Hq2G2gHJZcscjkMix7n5bknQ4C1jvfwxUC1ZSeBfK7nUo4Ss4,0,,,34b78049-671e-41c8-8c73-713dfb21902b,文化部（以下簡稱本部）為落實多元平權，促進文化多樣發展，賦權臺灣各原住民族群（含平埔族）因應族群文化發展之在地議題，結合青年，體現自發行動，掌握社區營造、在地智慧、知識與文化、善用社會設計及公民科技、共享互助精神，推動有助其於都市及原鄉文化傳承發展計畫，俾厚植國家多元文化能量、營造協力共好社會及永續國家發展，爰訂定本要點。
文化部,藝文專業場館升級計畫,False,"local-government,","public-construction,","environment-construction,",https://grants.moc.gov.tw/Web/PointDetail.jsp?__viewstate=pvWqz/p/ntb1L6/deFoE5wn9PKt77jmteO5h9T0u+rXRKM81q3Yp2XJZcscjkMix7n5bknQ4C1jvfwxUC1ZSeBfK7nUo4Ss4,0,,,163887db-9dc8-44cd-9274-f3485e3cb34b,為建構文化生活圈之整體藝文發展，協助縣市政府確立藝文場館專業發展定位及方向，改善藝文空間與設施，落實文化平權，縮短城鄉資源落差，促進藝術文化深耕地方。
文化部,青年村落文化行動計畫,False,"personal,","cultural-history,industry-technology,travel,technology-apply,","talent-cultivation,management-counseling,",https://youthgo.moc.gov.tw/,0,,,cd2cf313-f8b9-45c8-aea6-0453318902a6,「青年村落文化行動計畫」鼓勵結合社會創新的概念，開發現有村落文化發展的新可能，將「改變」的接棒，傳給青年，透過實驗、行動、實踐與獨立自主等方式，讓青年運用公民行動力，共同合作串聯，來實現青年的自我價值，並創造村落藝文發展的新環境。
文化部,推動國家文化記憶庫計畫,False,"enterprise,people-team,apply-target-other,","cultural-history,industry-technology,plan-subject-other,","talent-cultivation,management-counseling,",https://law.moc.gov.tw/law/LawContent.aspx?id=GL001230,1,文化部「國家文化記憶庫及數位加值應用計畫」,https://www.twrr.ndc.gov.tw/core-api/resource/repo/2024/246294319.pdf,94b8b594-a263-4cba-bf86-1de9553682cf,為保存並再現土地與人民共同記憶，推動「國家文化記憶庫及數位加值應用計畫」，擴大全民共同參與建構台灣原生文化，以作為在地知識研究、教育推廣、產業運用及觀光體驗之基礎。
文化部,文化資產保存修復及管理維護補助,False,"personal,local-government,people-team,apply-target-other,","cultural-history,public-construction,industry-technology,travel,plan-subject-other,","talent-cultivation,environment-construction,plan-restype-other,",https://grants.moc.gov.tw/Web/PointDetail.jsp?__viewstate=pvWqz/p/ntZfCgFmlc8efQn9PKt77jmtD2XVBm8U15L4odukQNgsV3JZcscjkMix7n5bknQ4C1jvfwxUC1ZSeBfK7nUo4Ss4,0,,,4417d3c8-3cb4-406f-9abd-492bcbfc6876,為輔導直轄市及縣市政府與民間共同推動各類文化資產的保存維護與活化再利用之相關工作，行政院文化建設委員會文化資產總管理處籌備處，特訂定「輔導直轄市及縣市政府與民間推動文化資產保存維護計畫」作業要點。 計畫分為A類至D類，詳細可參計畫連結網參考。
內政部,提升道路品質計畫2.0,False,"local-government,apply-target-other,","public-construction,","environment-construction,",https://www.moi.gov.tw/News_Content.aspx?n=2&s=198602,0,,,0fa1add2-5e0b-43a7-b02d-cb848d3b1968,為提升道路品質，內政部於106年至109年第1階段的前瞻基礎建設，已改善全台約493公里的道路。明(110)年起將展開第2階段，推動「提升道路品質計畫2.0」，未來4年要投入250億元，導入智慧街道、環境檢測等智慧建設新指標，打造智慧安全的用路環境。
行政院,國家發展基金創業天使投資方案,False,"apply-target-other,","cultural-history,industry-technology,country-farming,travel,technology-apply,plan-subject-other,","financing-grant,",https://www.angelinvestment.org.tw/,0,,,71a5be9e-dbed-4e69-8985-a3336b178f12,一. 為健全新創事業投資市場機制，改善台灣天使投資環境，藉由與天使投資人 及國內外投資機構共同投資，並提供新創企業創立初期及後續發展營運資金。 二. 運用天使投資人及投資機構投資經驗，提供被投資事業後續輔導諮詢與網絡 連結。本方案以扶植風險性較高新創企業為主要目的，而非以財務獲利報酬為單一考量。
海洋委員會,促進地方政府推動海洋事務補助計畫,False,"local-government,apply-target-other,","cultural-history,public-construction,industry-technology,travel,","talent-cultivation,environment-construction,","https://www.oac.gov.tw/ch/home.jsp?id=43&parentpath=0,4&mcustomize=oacmaritime_view.jsp&dataserno=201909110001",0,,,9f7a1985-6a20-4af9-90f2-55908ef8f469,一. 規劃生活、生產、生態三生一體之永續海洋旅遊。 二. 岸海空間、設施活化，打造親海生活聚落。 三. 海洋相關產品行銷推廣，塑造在地品牌。 四. 融入海洋教育與文化，開發具地方特色之海洋遊憩活動。 五. 發掘、形塑或優化在地海洋產業，創造地方就業機會。
內政部,城鎮風貌及創生環境營造計畫,False,"local-government,","public-construction,","environment-construction,",https://trp.nlma.gov.tw/w/trp/UrbanLandscape?,0,,,fc1741db-6dba-4892-8178-01fb5e147569,一. 以城鎮地區居民「日常生活」的核心場域為主。 二. 訴求為較大空間規模尺度改造（非單點改造），並以「簡單、自然、好使用」之原則，推動關鍵重要指標性地區之改造計畫。 三. 整合串接城鎮的公共開放空間及水綠環境資源，提升城鎮整體景觀及生活空間品質，營造城鎮有品味的生活環境。
客家委員會,客庄創生環境營造計畫,False,"local-government,","public-construction,plan-subject-other,","talent-cultivation,environment-construction,management-counseling,",https://www.hakka.gov.tw/Content/Content?NodeID=63&PageID=20900,0,,,e19fe421-771b-4869-b496-9c7d14e01f38,活絡客庄產業經濟、提振客家文化特⾊產業、形塑客庄移居及觀光環境，並藉由相關資源挹注，⽀援客家青年創（就）業，藉以吸引青壯⼈才回流或移居客庄，與帶動⼩農、導覽、休閒旅遊、文史、⽣態及藝術⼈才在地就業，進⽽完成社會資本重建，再造客庄新⽣命。
客家委員會,客庄產業創新加值補助計畫,False,"local-government,people-team,","cultural-history,industry-technology,travel,","talent-cultivation,management-counseling,",https://www.hakka.gov.tw/Content/Content?NodeID=34&PageID=47193,0,,,48d45ade-12f3-4837-b0b2-54b4c9d05ca1,推動客庄產業創新加值，促進客家創新加值文化與產業相結合，發展具有客家特色之文化產業，帶動客庄經濟發展。
農業部,地方創生農山漁村發展建設,False,"enterprise,local-government,people-team,","industry-technology,country-farming,","talent-cultivation,environment-construction,management-counseling,",https://law.moa.gov.tw,1,發展進化地方創生，前瞻提升農山漁村(pdf),https://www.twrr.ndc.gov.tw/core-api/resource/repo/2024/2097216199.pdf,5cf671da-68c3-4ce6-b3b1-dfa0195e343c,提升農業競爭力 一. 建立直販所、農民市集及社區小舖直銷據點。 二. 購置展售中心及農會超市營運設施。 三. 改善冷鏈物流相關設施。 四. 購置特色產業發展設備。 改善農村環境空間 一. 農漁山村社區生活及公共設施改善。 改善農村生活品質與經濟多樣性 一. 辦理農民教育訓練及行銷推廣。 二. 農村特色產業輔導、整合及行銷推廣活動。 三. 辦理漁村地方創生發展建設及產業活化。
原住民族委員會,推動原住民族多元產業發展 2.0 計畫,False,"local-government,people-team,apply-target-other,","cultural-history,public-construction,industry-technology,travel,technology-apply,plan-subject-other,","talent-cultivation,environment-construction,management-counseling,",https://www.cip.gov.tw/zh-tw/news/data-list/3B2BB84D09FA867F/0D16739B5C3317ABBDD26C849BDB9A27-info.html,1,前瞻基礎建設計畫－城鄉建設－推動原住民族多元產業發展2,https://www.twrr.ndc.gov.tw/core-api/resource/repo/2024/435008314.pdf,5c661ee8-5d1d-411d-991f-14b69328f317,以數位前導作為原住民族多元產業發展之基礎，並以「部落產業升級 」及「通路數位加值」為指標妥善銜接當前政府推動產業升級政策方針，強化投資及輔導支持原住民族經濟產業，俾完善原住民族產業生態圈。
原住民族委員會,地方創生原民部落營造計畫,False,"local-government,","public-construction,","environment-construction,",https://ws.ndc.gov.tw/Download.ashx?u=LzAwMS9hZG1pbmlzdHJhdG9yLzEwL3JlbGZpbGUvMC8xMjU0OS9mNjdjY2RiMy04NDQ0LTRmYTctYmJhYy0zOGNmNmRlNWQzYTYucGRm&n=5Zyw5pa55Ym155Sf5Y6f5rCR6YOo6JC954ef6YCg6KiI55Wr5Z%2B36KGM5Y6f5YmHLnBkZg%3D%3D&icon=..pdf,0,,,3ab25cb6-6dd4-4d13-b373-9d1030f05850,配合地方創生，改善原住民族部落內各項基礎公有設施，以提升部落環境品質，促進地方創生事業發展。
教育部,補助地方政府打造地方創生區域性青聚點,False,"local-government,","public-construction,industry-technology,country-farming,travel,technology-apply,plan-subject-other,","talent-cultivation,environment-construction,management-counseling,",https://ryh.yda.gov.tw/,1,補助地方政府打造地方創生區域性青聚點申請作業須知(核定),https://www.twrr.ndc.gov.tw/core-api/resource/repo/2024/1907585643.pdf,2cea26fb-cb23-429c-b862-206191dd055a,配合國家發展委員會「加速推動地方創生計畫」，強化結合各部會輔導能量，以鼓勵青年增加接觸地方事務的機會，進而投入地方創生行動，透過發展及整備地方創生青聚點，建置北、中、南、東等四區之區域性青聚點，除提供地方創生青年培力活動、諮詢門診，亦設有共同工作空間、會議室、成果展示空間等，以作為跨縣市地方創生青年專屬的交流場域及平臺。
國家發展委員會,公有建築空間環境整備活化,False,"local-government,","public-construction,travel,","environment-construction,",https://www.twrr.ndc.gov.tw/space-use,0,,,b04fd081-9a28-43e1-beb1-075a1159c84f,一. 配合國家安全戰略層級的國家政策，重新盤點各縣市公部門轄管閒置空間活化再利用。 二. 透過產官學協力，將空間重新改造後提供給青年、在地團體執行地方創生工作。 三. 強化城鎮機能及環境整備以促進地方產業發展，吸引人口回流並累積創生資本。
國家發展委員會,青年培力工作站,False,"enterprise,people-team,","plan-subject-other,","talent-cultivation,",https://www.twrr.ndc.gov.tw/teen-workshop,1,113年度青年培力工作站申請須知v8_Final,https://www.twrr.ndc.gov.tw/core-api/resource/repo/2024/504906741.pdf,7c8eed18-b6fb-472a-b920-5a91d7323340,國家發展委員會為營造青年留鄉、返鄉創業支援體系，陪伴輔導青年開創地方創生事業，補助建置地方創生青年培力工作站所需人事費及業務費。
交通部,生活圈道路交通系統建設計畫,False,"local-government,","public-construction,","environment-construction,",https://www.thb.gov.tw/page?node=fb46dc74-fd87-4955-b1f2-d8538c4fd4f2,0,,,f0f9b435-ab3c-4b0a-93b2-54c7318a789c,依生活圈建設理念，配合都市發展及運輸政策，規劃完整之生活圈路網。
交通部,智慧運輸系統發展建設計畫,False,,"public-construction,technology-apply,","financing-grant,",https://www.ey.gov.tw/Page/448DE008087A1971/b61ca63b-b210-4f6c-9718-c40316c6a65a,0,,,0bec7088-cd72-4863-aa3d-5a5bf9294d81,透過整合先進資訊及通訊技術於交通基礎設施與車輛設備內，提升交通安全與順暢、增進民眾交通機動性降低交通運輸之環境衝擊為目的。以系統性方法及整合性智慧運輸策略，專注解決民眾面臨交通壅塞、偏鄉交通不便及交通安全等課題。
交通部,公路公共運輸服務升級計畫 (110-113),False,"local-government,","public-construction,","environment-construction,",https://www.iot.gov.tw/cp-2272-201896-819eb-1.html,2,公路公共運輸服務升級計畫提案原則；公路公共運輸服務升級計畫提案原則,https://www.twrr.ndc.gov.tw/core-api/resource/repo/2024/2032525196.pdf；https://www.twrr.ndc.gov.tw/core-api/resource/repo/2024/522819534.pdf,ee671b1a-c7a9-4d90-9cdb-dc8c64e4559c,以無縫、安全、永續、精緻為公路公共運輸服務升級之目標，辦理重點包括強化跨運具服務整合、完善無障礙乘車及候車環境、改善偏鄉交通協助地方創生、推廣電動大客車以利空污防制、導入先進設備預防事故發生。
交通部,觀光局及所屬國家風景區管理處補助 機關（構）團體辦理觀光活動或計畫,False,"local-government,people-team,","travel,","plan-restype-other,",https://admin.taiwan.net.tw/,1,交通部觀光署及所屬國家風景區管理處補助機關(構)團體辦理觀光活動或計畫相關作業規定暨經費申領作業表件,https://www.twrr.ndc.gov.tw/core-api/resource/repo/2024/222318214.doc,4ca16104-3791-4e94-9e77-85f366c03322,推動觀光活動之產品化、觀光化及國際化，以吸引國際旅客來臺旅遊。
原住民族委員會,原民部落營造計畫,False,"local-government,","public-construction,plan-subject-other,","talent-cultivation,environment-construction,plan-restype-other,",https://www.cip.gov.tw/portal/docDetail.html?CID=3B2BB84D09FA867F&DID=0C3331F0EBD318C227C4B2E720FA4942,1,原民部落營造計畫,https://www.twrr.ndc.gov.tw/core-api/resource/repo/2024/896680851.pdf,479f23a9-20c1-4f6c-8716-5120e186f479,主要在提升原住民族安心居住環境品質及長照服務，整合地方公共服務據點，整建並充實相關設施，以發展成具有文化意涵之健康友善空間，提供各種綜合性服務，即以「部落之心」為目標核心。
勞動部,微型創業鳳凰貸款,False,"personal,enterprise,","cultural-history,industry-technology,country-farming,travel,technology-apply,plan-subject-other,","financing-grant,management-counseling,",https://beboss.wda.gov.tw/Default.aspx,0,,,85a660b6-65e5-44a4-8f8e-66395ddfdf3b,為提升我國女性、中高齡國民及設籍離島居民勞動力參與率，建構創業友善環境，協助發展微型企業，創造就業機會，提供創業陪伴服務、創業貸款利息補貼及融資信用保證專案。
經濟部,經濟部「小型企業創新研發計畫(SBIR-地方型」,False,"enterprise,","cultural-history,public-construction,industry-technology,country-farming,travel,technology-apply,","environment-construction,",https://www.sbir.org.tw/project/introLocal,0,,,c634606a-4c44-460b-b3a4-76c2b5a56493,協助各直轄市、縣(市)政府擁有更為充沛之經費得以辦理在地特色產業創新研發計畫之推動，帶動中小企業積極投入在地特色產業之研發。
原住民族委員會,普及偏鄉寬頻接取環境計畫,True,"enterprise,","technology-apply,","environment-construction,",https://www.ncc.gov.tw/chinese/gradation.aspx?site_content_sn=3989&is_history=0,0,,,5bd182f2-804d-4e96-8016-762804bcd392,1.Gbps 等級服務到鄉； 2.100Mbps 等級服務到村； 3.擴展Wi-Fi 熱點頻寬； 4.強化偏鄉4G 基地臺建置； 5.建置原民部落之戶外免費無線寬頻； 6.建置應用平台並介接教育部課後照顧數位學習。 註：申請/提案對象：限電信事業
原住民族委員會,原住民族經濟產業發展4年計畫,True,"personal,enterprise,local-government,","country-farming,travel,","financing-grant,management-counseling,",https://www.cip.gov.tw/portal/docList.html?CID=7BC03FB2607683E8,0,,,1cfefff9-80de-4f60-8847-1b3ccd32953a,1.蒐集及分析經濟產業現況，以確立發展方針； 2.根著人才挖掘及培養，以創造經濟產業發展動能； 3.結合在地人文地產景，以型塑經濟產業發展品牌； 4.連結資通訊科技應用，以加深發展面向廣度； 5.強化資金投融資管道，以建全商業模式結構。
經濟部,小型企業創新研發計畫(SBIR),False,"enterprise,","cultural-history,public-construction,industry-technology,country-farming,travel,technology-apply,","financing-grant,talent-cultivation,",https://www.sbir.org.tw/,0,,,a7672087-bc45-4992-b623-02888645e1b2,本計畫之目標在於運用政府政策工具，依中小企業所提之研發計畫提供資源協助，推動中小企業廠商進行產業技術、產品與服務之創新研發計畫，引導中小企業投入研發活動，帶動中小企業研發人才的培育、研發能力的累積，提高我國中小企業技術水準、進而提升我國產業之競爭力及加速傳統產業之轉型與升級。
衛生福利部,建立社區照顧關懷據點計畫,True,"apply-target-other,","plan-subject-other,","plan-restype-other,",https://ccare.sfaa.gov.tw/home/index,0,,,244d7312-43e0-4eb7-a47a-a7d8d763546b,銜接前端初級預防功能，預防保健、活力老化、減緩失能，促進長者健康福祉，提升老人生活品質。向後端提供多目標社區式支持服務，轉銜在宅臨終安寧照顧，減輕家屬照顧壓力，減少長期照顧負擔。
客家委員會,客家浪漫臺三線計畫,True,"local-government,","cultural-history,public-construction,industry-technology,country-farming,travel,technology-apply,","talent-cultivation,environment-construction,management-counseling,",https://www.hakka.gov.tw/Content/Content?NodeID=666&PageID=39453&LanguageType=CH,0,,,ffac2dd6-375d-4a14-989a-1223534300ca,打造臺三線豐富的人文、生態、產業，啟動客家文藝復興，帶動青壯人才回流或移居，再造客庄新生命。
客家委員會,客家文化躍升計畫,True,"local-government,people-team,","cultural-history,","talent-cultivation,",https://ws.ndc.gov.tw/Download.ashx?u=LzAwMS9hZG1pbmlzdHJhdG9yLzEwL3JlbGZpbGUvMC8xMjU0OS9jYTVjNDI2Zi1kZDcxLTQwYmEtODI3ZC1jMWE2YWY0MjFhN2MucGRm&n=5a6i5aeU5pyD44CM5a6i5a625paH5YyW6LqN5Y2H6KiI55Wr44CNLnBkZg%3D%3D&icon=..pdf,0,,,61b96b00-56f4-407e-91c0-22a122c5aabe,順應國際文化多樣性潮流，結合傳統與現代客家文化元素，透過文化資產、文藝發展、知識體系發展、人才培育、建立交流研究中心等工作，提升客家文化發展應用潛力。
客家委員會,客家文化生活環境營造計畫,True,"local-government,","cultural-history,public-construction,industry-technology,country-farming,travel,technology-apply,","talent-cultivation,environment-construction,management-counseling,",https://www.hakka.gov.tw/Content/Content?NodeID=745&PageID=42021,0,,,12c4c849-6068-45fa-8261-1c2807a091b1,1.完成客家聚落空間保存及發展再利用階段性建置； 2.加強客家人文歷史資產調查及修復名人故居歷史建物； 3.完整建構國內客家文化接觸據點及館舍聯營網絡； 4.達成活化客家既有館舍經營輔導機制； 5.建立館舍、設施長期營運機制。
教育部,大學社會責任實踐計畫(USR),False,"apply-target-other,","cultural-history,industry-technology,country-farming,travel,technology-apply,","talent-cultivation,environment-construction,",https://usr.moe.gov.tw/tw,0,,,e22ffcd9-8e11-447e-a9b6-a4c3dc59d265,強化大專校院與區域城鄉發展之在地連結合作，實踐其社會責任。以「人才培育」為核心任務，鼓勵教師帶領學生以跨系科、跨團隊或跨校串聯之團隊，結合地方政府及產業資源，共同促進在地產業聚落、社區文化創新發展，增進學生對在地認同，進而激發在地就業或創業。
教育部,營造休閒運動環境計畫,False,"local-government,","public-construction,travel,","environment-construction,",https://www.sa.gov.tw/PageContent?n=2414,0,,,a5b3cc6a-1e7c-4fbc-8363-924118f16540,普及運動設施及場地，利用水岸、綠地、高灘地等既有資源，配合步道、自行車道等整體規劃，結合保育、生態與休閒，建構優質體育運動休閒設施，滿足國人運動休閒需求。
衛生福利部,預防及延緩失能照護方案,False,"local-government,","public-construction,","talent-cultivation,management-counseling,",https://www.hpa.gov.tw/Pages/List.aspx?nodeid=4706,0,,,1c435a7f-9f51-4e21-8c91-1dbf761fa7e2,發展可近、普及負擔的社區預防照護服務網絡。 預防衰弱老人成為被照顧者，增進輕、中度失能 (智)者及其照顧生活品質。
衛生福利部,長期照顧十年計畫2.0-社區整體照顧服務體系,False,"local-government,","plan-subject-other,","plan-restype-other,",https://1966.gov.tw/LTC/cp-6459-70023-207.html,0,,,48fded50-c6fd-4396-88de-dd5379f6284d,1.參與單位多元化：社區整體照顧服務體系讓長照、醫療單位共同參與及辦理。 2.促進長照服務彈性化、據點綿密化：由社區整合型服務中心落實個案管理，並依個案需求協調安排照顧資源，提供具彈性化以及連續性之服務
衛生福利部,長期照顧十年計畫2.0-社區營養據點補助計畫,False,"local-government,","public-construction,","talent-cultivation,environment-construction,management-counseling,",,0,,,dfc5732e-dfc8-47a6-980f-4bf00ed00e10,提供社區長者營養相關服務，並發展社區營養教育方案、辦理社區營養照護相關人員培訓、輔導社區餐飲業者（或長者據點、長照機構等）提供高齡友善健康飲食等。
衛生福利部,長期照顧十年計畫2.0-失智照護服務計畫,False,"local-government,","public-construction,","talent-cultivation,management-counseling,",https://1966.gov.tw/LTC/cp-6456-70024-207.html,0,,,a89588a1-b4a9-4f94-b622-45ecbd030263,設置「失智社區服務據點」，提供個案認知促進、緩和失智，及安全看視；提供照顧者支持服務，家屬支持團體(輔導諮商)、家屬照顧課程。
衛生福利部,長期照顧十年計畫2.0-失智友善社區計畫,False,"local-government,","public-construction,","talent-cultivation,environment-construction,management-counseling,",,0,,,f236cffa-e570-4fe6-9c85-82332d0e003e,1.提升大眾對失智症之認識及友善態度，消除對失智症的歧視和偏見 2.推動失智友善社區環境，招募失智友善天使及失智友善組織，含商家、教會、寺廟、公廁、醫療院所、派出所等各場域，並衛教指導居家環境改善。 3. 社區設置失智友善館，提供失智者參與社區機會，結合家屬交流及經驗分享等喘息活動，並建立實證介入措施及民眾諮詢服務管道。
教育部,U-start創新創業計畫,False,"apply-target-other,","plan-subject-other,","talent-cultivation,",https://ustart.yda.gov.tw/,0,,,04249b78-3e75-4668-b061-f4806dc1ea13,教育部青年發展署為提升校園創新創業文化，鼓勵大專校院優化校園創業環境，結合學校育成輔導資源，提供青年創業實驗場域與資源，培育具創業家精神人才，協助青年學生創業實踐。 一. 製造技術類、二. 文創教育類、三. 創新服務類、四. 社會企業類
教育部,青年社區參與行動2.0,False,"personal,","plan-subject-other,","talent-cultivation,",https://changemaker.yda.gov.tw/,0,,,8d0e5537-716c-4cf8-b79d-4469bf1e944e,為強化前端在地發展人才的培育，配合國家發展委員會「加速推動地方創生計畫」規劃「發展及整備地方創生青聚點」，111 年以結合在地青年行動家運用行動場域及推動經驗，建立常態性營運之在地學習點，協助青年從體驗在地、理念建立，至實際運作，引導青年參與地方發展。
教育部,青年壯遊點計畫,False,"people-team,","plan-subject-other,","talent-cultivation,",https://youthtravel.tw/doc.php?puid=7&type=2,0,,,df886325-4d6c-4893-8b50-f7d6f0bd7757,為使青年壯遊帶來創新學習及教育意涵，與在地非營利組織及大專校院合作以非營利之方式在全國設置青年壯遊點，透過辦理文化、部落、生態、農村、漁村、志工、體能等多元活動，提供15-35歲青年體驗臺灣在地生活及文化，並培養青年對這塊土地的熱情與關懷。
衛生福利部,113年度原鄉及離島地區部落社區健康營造計畫,False,"local-government,people-team,apply-target-other,","public-construction,plan-subject-other,","talent-cultivation,environment-construction,",https://dep.mohw.gov.tw/donahc/lp-1069-104.html,0,,,80e09a85-cc55-49b9-9518-e1321b07bebf,一、 建立因地制宜健康議題，促進提升部落社區健康促進識能提升。二 、提升原住民族及離島地區整體健康照護政策服務利用涵蓋率。三、促進跨領域合作，協助在地人服務在地人之健康照護資源育成。
經濟部,開發在地型產業園區計畫-推動城鄉特色產業園區發展計畫,True,"local-government,","public-construction,industry-technology,","environment-construction,management-counseling,",otop.tw,0,,,a5489a11-0380-4260-8a80-916cdd4f8f96,整合地方產業群聚資源，以城鄉特色產業園區為發展平台，導入生產、生活、生態「三生一體」的觀念，並結合「創意」、「創新」及「創業」之「三創」新興發展能量，建立城鄉產業價值鏈，帶動地方經濟發展。 1.推動循環經濟，永續發展城鄉特色產業 2.結合數位經濟，智慧建構園區生態系 3.發展體驗經濟，創新城鄉特色產業價值
衛生福利部,建構0-2歲兒童社區公共托育計畫,True,"local-government,","public-construction,","environment-construction,",https://www.sfaa.gov.tw/SFAA/Pages/Detail.aspx?nodeid=942&pid=7594,0,,,9a696ef2-ada4-4749-822d-229c15fd49f5,政府運用資源透過非營利團體公共參與管理的方式，管控收費以提供平價、優質、普及的托育服務，支持家庭得以安心育兒。
經濟部,普及智慧城鄉生活應用計畫,True,"enterprise,","technology-apply,","financing-grant,",https://www.twsmartcity.org.tw/tw,0,,,c14d107e-8048-4030-9e20-c91b9eb6259b,強化全臺如智慧城鄉等物聯網應用發展、網路智慧生活應用示範場，促成智慧生活普及。
經濟部,推動中小企業跨域創新加值計畫,True,"enterprise,","industry-technology,technology-apply,","financing-grant,",https://smefuture.org.tw/masterpage-smeecosystem,0,,,7c8e0304-c6df-41b8-83a6-a799f71f06e9,協助中小企業運用科技加值、服務創新改變營運模式，建立新商業模式並形成創新風氣，帶動中小企業彼此相持成長，建構中小企業跨域整合生態體系，以帶動未來新事業、國際新潛力、區域新經濟之中小企業持續成長。
經濟部,全國水環境改善計畫,False,"local-government,","travel,","environment-construction,",https://flwe.wra.gov.tw/cl.aspx?n=7820,0,,,8921f4fc-df8b-457d-af16-f2e5f86a0015,形塑城鄉新風貌，建構具「文化、綠意、美質」環境： 1.營造優質生活環境，打造樂活水岸風貌； 2.串連水陸環境，活絡在地文化與觀光遊憩產業； 3.改善水質污染、營造生物多樣性棲地，發展永續生態環境。
原住民族委員會,部落之心示範點建置補助計畫,False,"local-government,","public-construction,","environment-construction,",https://www.cip.gov.tw/zh-tw/news/data-list/3B2BB84D09FA867F/2D9680BFECBE80B6A0F63B0E84ECD135-info.html,0,,,c888ea7e-d1e7-4872-a06c-3bc8a17fcd63,以原住民族文化為發展基礎，整合長者照護、學童課後照顧、幼兒族語托育、數位運用機會等相關服務，以興、修（整）建方式建置具原住民族傳統建築特色及文化意涵之綜合服務中心。
原住民族委員會,原民部落營造計畫-服務據點周邊及部落內公共設施改善計畫,False,"local-government,","public-construction,","environment-construction,",https://www.cip.gov.tw/portal/docDetail.html?CID=3B2BB84D09FA867F&DID=2D9680BFECBE80B6DF04CC0702180FC0,1,服務據點周邊及部落內公共設施改善第三期申請須知-核定,https://www.twrr.ndc.gov.tw/core-api/resource/repo/2022/2000407871.pdf,1b66ca29-d711-4072-8554-9cff27a6d8e8,1.改善服務據點周邊及部落內基礎民生設施，以營造安全舒適之居住環境及便利之交通路網。 2.改善服務據點周邊及部落內公共生活空間，以提升生活品質及突顯部落特色。 3.改善服務據點周邊及落內原住民傳統祭儀場地及聚會所，以發揚族群文化並提供居民日常及特殊慶典之活動空間。
農業部,漁業多元化經營建設計畫,False,"local-government,people-team,apply-target-other,","plan-subject-other,","plan-restype-other,",,0,,,4076c9f0-a69f-4f04-be8b-b0444a4fba7f,有系統逐年辨理漁業經營調適與發展，以制定合理利用漁業資源之政策措施。建立優質養殖漁業；營造優質漁港；以符合歐盟等國際衛生標準，建構現代化多功能、高效率及高品質之漁產運銷通路，供應消費者安全的漁產品；及提升養殖水產品衛生安全及增進國際競爭力，落實養殖管理，並推動產業升級之目標。
衛生福利部,地方創生長照衛福據點整備補助,False,"local-government,","public-construction,","financing-grant,plan-restype-other,",https://www.twrr.ndc.gov.tw/res/repo/2023/1542427516.pdf,0,,,eadcd5d7-39a4-444d-8a6f-a9710a9ba7ef,補助公有土地新建、增（改）建日間照顧機構、小規模多機能機構、團體家屋機構等社區長照服務資源。
經濟部,配合地方創生推動城鄉特色產業發展,False,"enterprise,","industry-technology,","management-counseling,",https://www.sme.gov.tw/article-smeup-2779-8799,0,,,aed9737e-1136-467d-9dc1-c8cc1e167cd9,與在地企業合作提出地方創生發展藍圖，發揮團隊經營共識，發展在地事業，帶動人口回流與產業永續發展。
經濟部,創意生活產業發展計畫,False,"enterprise,","industry-technology,","management-counseling,",https://www.creativelife.org.tw/,0,,,50c8695c-c17c-4d05-b174-bc7634fd5198,協助國內產業轉型升級、增進就業機會、協助業者結合創意、文化元素，開發產品、場所、服務、活動之創意商品或服務，進而創新經營模式，提升經濟活動之附加價值，拓展新商機。
勞動部,培力就業計畫,False,"local-government,people-team,","plan-subject-other,","talent-cultivation,plan-restype-other,",https://www.wda.gov.tw/News_Content.aspx?n=CA60F31A88AF3736&sms=80616FEAF60EE1E7&s=B1FB86510876C1C8,0,,,0853a34d-3592-410a-b0cc-e9509d07732a,為結合民間團體及政府部門之人力與資源，協助天災、事變或突發事件之重建、區域再生發展、社會性創業或就業支持系統等創新計畫，特訂定本計畫。
經濟部,開發在地型產業園區計畫-設置平價產業園區補助方案,False,"local-government,","public-construction,country-farming,","financing-grant,environment-construction,",,0,,,7d7bed95-2477-4f26-b895-729b69c97f31,因應在地產業需求及現況，以特別預算補助園區開發，加速地方政府規劃設置平價產業園區，落實「產業治理」理念，且考量土地適宜性，新設園區選址於已開發用地或邊際土地為優先；其餘園區土地則規劃公共設施或綠化，以期透過「環境高值」方式，提升地區整體自然環境；並透過地方共同參與管理，建立「永續管理」模式，打造設置平價產業園區。 1.提供適地性產業用地 2.帶動在地產業聚落發展
文化部,推動地方創生文化環境營造補助作業,False,"enterprise,local-government,people-team,","public-construction,industry-technology,plan-subject-other,","talent-cultivation,environment-construction,management-counseling,",https://www.twrr.ndc.gov.tw/res/repo/2024/960550867.pdf,0,,,8e250272-ce18-4fdb-ad9e-441518ec30d2,在以社區營造之既有基礎及前提下，強化地方創生文化人才培育及輔導、文化環境營造與活化、文化事業深耕加值等，俾建構地方創生文化環境發展，創造就業機會，促進地方人口回流，保存並活絡在地文化資源，加速地方創生。
農業部,農村再生第3期實施計畫(109至112年度),False,"local-government,people-team,","country-farming,","plan-restype-other,",,0,,,9287880a-ae3b-444e-ab22-23ea8c6fc20b,有計畫及系統性的推動農村整體再生發展，以照顧全國農漁村及農漁民：提升農村人口質量、創造農村就業機會、提高農村居民所得、改善農村整體環境。
交通部,地方創生觀光旅遊環境營造,False,"local-government,apply-target-other,","travel,","environment-construction,",https://www.twrr.ndc.gov.tw/res/repo/2021/1167986562.pdf,0,,,df4146fd-a7e3-4315-9338-ec578548401c,設定「尊重環境，資源永續」、「整合特色，景點串聯」、「友善設施，優質服務」作為地方創生三大目標，整合地方政府所轄觀光遊憩建設，提昇整體觀光遊憩品質。
